{
  "source": "auto-window: image / analyze-image",
  "board": [
    [
      false,
      false,
      true,
      false,
      false,
      false,
      false,
      false,
      false,
      false
    ],
    [
      false,
      false,
      true,
      false,
      true,
      false,
      false,
      false,
      false,
      false
    ],
    [
      false,
      true,
      true,
      false,
      true,
      false,
      false,
      false,
      false,
      false
    ],
    [
      false,
      false,
      false,
      false,
      true,
      false,
      false,
      false,
      true,
      false
    ],
    [
      false,
      false,
      false,
      false,
      true,
      false,
      false,
      true,
      true,
      false
    ],
    [
      false,
      false,
      false,
      false,
      true,
      false,
      true,
      true,
      true,
      false
    ],
    [
      false,
      false,
      true,
      false,
      true,
      true,
      true,
      true,
      true,
      false
    ],
    [
      false,
      false,
      true,
      false,
      true,
      true,
      true,
      true,
      true,
      false
    ],
    [
      false,
      false,
      true,
      false,
      true,
      true,
      false,
      true,
      true,
      false
    ],
    [
      false,
      true,
      true,
      false,
      true,
      true,
      false,
      false,
      false,
      false
    ]
  ],
  "board_text": "    1 2 3 4 5 6 7 8 9 10\nR1  . . # . . . . . . .\nR2  . . # . # . . . . .\nR3  . # # . # . . . . .\nR4  . . . . # . . . # .\nR5  . . . . # . . # # .\nR6  . . . . # . # # # .\nR7  . . # . # # # # # .\nR8  . . # . # # # # # .\nR9  . . # . # # . # # .\nR10  . # # . # # . . . .",
  "thresholds": {
    "empty_cell_threshold": 28.0,
    "bright_threshold": 121.170166015625,
    "std_threshold": 34.43362808227539
  },
  "occupied_scores": [
    [
      0.7592628039160771,
      0.709745664530246,
      2.202394892443062,
      0.709745664530246,
      0.751009947351772,
      0.709745664530246,
      0.751009947351772,
      0.709745664530246,
      0.751009947351772,
      0.7179985210945512
    ],
    [
      0.709745664530246,
      0.751009947351772,
      2.2065541445476087,
      0.751009947351772,
      2.8279288733235406,
      0.751009947351772,
      0.709745664530246,
      0.751009947351772,
      0.709745664530246,
      0.751009947351772
    ],
    [
      0.751009947351772,
      2.2065541445476087,
      2.2065541445476087,
      0.7179985210945512,
      2.441103542832241,
      0.709745664530246,
      0.751009947351772,
      0.709745664530246,
      0.751009947351772,
      0.7179985210945512
    ],
    [
      0.709745664530246,
      0.751009947351772,
      0.709745664530246,
      0.751009947351772,
      2.585186078145866,
      0.751009947351772,
      0.709745664530246,
      0.751009947351772,
      2.641993025183515,
      0.751009947351772
    ],
    [
      0.751009947351772,
      0.709745664530246,
      0.751009947351772,
      0.7179985210945512,
      2.55598053947586,
      0.7111500202493185,
      0.751009947351772,
      2.557996540717116,
      2.5717899056522935,
      0.7179985210945512
    ],
    [
      0.7179985210945512,
      0.751009947351772,
      0.7179985210945512,
      0.751009947351772,
      2.6402814183102397,
      0.751009947351772,
      2.596115345461996,
      2.593702867342083,
      2.5842554387923,
      0.751009947351772
    ],
    [
      0.751009947351772,
      0.7179985210945512,
      2.2146461482322137,
      0.7179985210945512,
      2.569815245825253,
      2.383937934221921,
      2.5604592058450284,
      2.2269879816421247,
      2.5446498905998407,
      0.709745664530246
    ],
    [
      0.7179985210945512,
      0.751009947351772,
      2.5711524865580606,
      0.751009947351772,
      2.601149914331302,
      2.4270039459873898,
      2.472341267016317,
      2.2272502525415447,
      2.3040806642352116,
      0.751009947351772
    ],
    [
      0.751009947351772,
      0.7179985210945512,
      2.4252942604774113,
      0.7179985210945512,
      2.7711236797831944,
      2.59465691417825,
      0.751009947351772,
      2.2450172373294643,
      2.227733714197906,
      0.7179985210945512
    ],
    [
      0.709745664530246,
      2.580539479993775,
      2.5732272907983123,
      0.751009947351772,
      2.554051949294581,
      2.58951098653351,
      0.7179985210945512,
      0.751009947351772,
      0.709745664530246,
      0.751009947351772
    ]
  ],
  "pieces": [
    {
      "slot_index": 0,
      "cells": [
        [
          0,
          0
        ],
        [
          0,
          1
        ],
        [
          0,
          2
        ],
        [
          1,
          0
        ],
        [
          1,
          2
        ],
        [
          2,
          0
        ],
        [
          2,
          2
        ]
      ],
      "size": 7,
      "width": 3,
      "height": 3
    },
    {
      "slot_index": 1,
      "cells": [
        [
          0,
          0
        ],
        [
          0,
          1
        ]
      ],
      "size": 2,
      "width": 1,
      "height": 2
    },
    {
      "slot_index": 2,
      "cells": [
        [
          0,
          1
        ],
        [
          1,
          0
        ],
        [
          1,
          1
        ],
        [
          2,
          0
        ],
        [
          2,
          1
        ]
      ],
      "size": 5,
      "width": 3,
      "height": 2
    }
  ],
  "moves": [
    {
      "slot_index": 0,
      "anchor_row": 0,
      "anchor_col": 5,
      "cleared_lines": 0,
      "cells": [
        [
          0,
          5
        ],
        [
          0,
          6
        ],
        [
          0,
          7
        ],
        [
          1,
          5
        ],
        [
          2,
          5
        ],
        [
          2,
          6
        ],
        [
          2,
          7
        ]
      ]
    },
    {
      "slot_index": 1,
      "anchor_row": 8,
      "anchor_col": 3,
      "cleared_lines": 0,
      "cells": [
        [
          8,
          3
        ],
        [
          9,
          3
        ]
      ]
    },
    {
      "slot_index": 2,
      "anchor_row": 0,
      "anchor_col": 7,
      "cleared_lines": 0,
      "cells": [
        [
          0,
          8
        ],
        [
          0,
          9
        ],
        [
          1,
          7
        ],
        [
          1,
          8
        ],
        [
          1,
          9
        ]
      ]
    }
  ]
}
