{
  "source": "auto-window: image / analyze-image",
  "board": [
    [
      false,
      false,
      false,
      false,
      false,
      false,
      false,
      false,
      true,
      false
    ],
    [
      false,
      false,
      false,
      false,
      false,
      false,
      false,
      false,
      true,
      false
    ],
    [
      false,
      false,
      false,
      false,
      false,
      false,
      false,
      false,
      false,
      false
    ],
    [
      false,
      false,
      false,
      false,
      true,
      false,
      true,
      false,
      false,
      false
    ],
    [
      false,
      false,
      false,
      false,
      true,
      true,
      true,
      false,
      false,
      false
    ],
    [
      false,
      false,
      false,
      false,
      true,
      true,
      false,
      false,
      false,
      false
    ],
    [
      false,
      false,
      false,
      true,
      true,
      false,
      true,
      true,
      false,
      false
    ],
    [
      true,
      true,
      true,
      true,
      true,
      true,
      true,
      true,
      true,
      false
    ],
    [
      true,
      true,
      true,
      true,
      true,
      true,
      true,
      true,
      true,
      false
    ],
    [
      true,
      false,
      false,
      false,
      true,
      true,
      true,
      true,
      true,
      false
    ]
  ],
  "board_text": "    1 2 3 4 5 6 7 8 9 10\nR1  . . . . . . . . # .\nR2  . . . . . . . . # .\nR3  . . . . . . . . . .\nR4  . . . . # . # . . .\nR5  . . . . # # # . . .\nR6  . . . . # # . . . .\nR7  . . . # # . # # . .\nR8  # # # # # # # # # .\nR9  # # # # # # # # # .\nR10  # . . . # # # # # .",
  "thresholds": {
    "empty_cell_threshold": 28.0,
    "bright_threshold": 121.0,
    "std_threshold": 34.42794227600098
  },
  "occupied_scores": [
    [
      0.7520661157024794,
      0.7107438016528925,
      0.7520661157024794,
      0.7107438016528925,
      0.7520661157024794,
      0.7107438016528925,
      0.7520661157024794,
      0.7107438016528925,
      2.080582013774174,
      0.7107438016528925
    ],
    [
      0.7107438016528925,
      0.7520661157024794,
      0.7107438016528925,
      0.7520661157024794,
      0.71900826446281,
      0.7520661157024794,
      0.7107438016528925,
      0.7520661157024794,
      2.0804740922752085,
      0.7520661157024794
    ],
    [
      0.7520661157024794,
      0.7107438016528925,
      0.7520661157024794,
      0.71900826446281,
      0.7520661157024794,
      0.7107438016528925,
      0.7520661157024794,
      0.7107438016528925,
      0.7520661157024794,
      0.7107438016528925
    ],
    [
      0.71900826446281,
      0.7520661157024794,
      0.71900826446281,
      0.7520661157024794,
      2.0775934525112443,
      0.7520661157024794,
      2.0839865270977977,
      0.7520661157024794,
      0.71900826446281,
      0.7520661157024794
    ],
    [
      0.7520661157024794,
      0.7107438016528925,
      0.7520661157024794,
      0.7107438016528925,
      2.0870063346263414,
      2.0864749265061793,
      2.085873712899007,
      0.7107438016528925,
      0.7520661157024794,
      0.7107438016528925
    ],
    [
      0.7107438016528925,
      0.7520661157024794,
      0.7107438016528925,
      0.7520661157024794,
      3.055993238447319,
      3.0347890920091354,
      0.7107438016528925,
      0.7520661157024794,
      0.7107438016528925,
      0.7520661157024794
    ],
    [
      0.7520661157024794,
      0.7107438016528925,
      0.7520661157024794,
      3.1084031204987586,
      3.102943710146654,
      0.7107438016528925,
      2.0928875023081517,
      2.0939879913509896,
      0.7520661157024794,
      0.7107438016528925
    ],
    [
      2.104972272540344,
      3.0147192395687203,
      2.9187093609074344,
      3.0946439600898543,
      2.1027526796581326,
      2.1034979363337394,
      2.1024761169667388,
      2.103710012051419,
      2.10260907979914,
      0.7520661157024794
    ],
    [
      2.105591436129891,
      3.056834654628859,
      3.006698326805528,
      3.089911679519302,
      2.1042542732453797,
      2.1034259147995225,
      2.0578512396694215,
      2.104430892207752,
      2.103075557736146,
      0.71900826446281
    ],
    [
      3.1225449621993278,
      0.7520661157024794,
      0.71900826446281,
      0.7520661157024794,
      3.0348594270587643,
      3.0730863813105573,
      3.1195018861751134,
      2.0578512396694215,
      2.108813347163684,
      0.7520661157024794
    ]
  ],
  "pieces": [
    {
      "slot_index": 0,
      "cells": [
        [
          0,
          1
        ],
        [
          1,
          0
        ],
        [
          1,
          1
        ],
        [
          2,
          0
        ]
      ],
      "size": 4,
      "width": 3,
      "height": 2
    }
  ],
  "moves": [
    {
      "slot_index": 0,
      "anchor_row": 4,
      "anchor_col": 6,
      "cleared_lines": 0,
      "cells": [
        [
          4,
          7
        ],
        [
          4,
          8
        ],
        [
          5,
          6
        ],
        [
          5,
          7
        ]
      ]
    }
  ]
}
