{
  "source": "auto-window: image / analyze-image",
  "board": [
    [
      true,
      true,
      true,
      true,
      true,
      true,
      true,
      true
    ],
    [
      true,
      true,
      true,
      true,
      true,
      false,
      true,
      true
    ],
    [
      true,
      true,
      true,
      false,
      true,
      true,
      true,
      true
    ],
    [
      true,
      true,
      true,
      false,
      true,
      true,
      true,
      false
    ],
    [
      true,
      true,
      true,
      false,
      true,
      false,
      false,
      false
    ],
    [
      true,
      true,
      true,
      false,
      true,
      true,
      true,
      false
    ],
    [
      true,
      true,
      true,
      false,
      true,
      true,
      true,
      true
    ],
    [
      true,
      true,
      true,
      false,
      true,
      false,
      false,
      false
    ]
  ],
  "board_text": "    1 2 3 4 5 6 7 8\nR1  # # # # # # # #\nR2  # # # # # . # #\nR3  # # # . # # # #\nR4  # # # . # # # .\nR5  # # # . # . . .\nR6  # # # . # # # .\nR7  # # # . # # # #\nR8  # # # . # . . .",
  "thresholds": {
    "empty_cell_threshold": 28.0,
    "bright_threshold": 126.0,
    "std_threshold": 35.388437271118164
  },
  "occupied_scores": [
    [
      1.5357142857142858,
      1.64295418968021,
      1.9603174603174602,
      2.0238095238095237,
      1.0369450814969983,
      2.007936507936508,
      1.0369450814969983,
      1.0369450814969983
    ],
    [
      1.5357142857142858,
      1.5714285714285714,
      1.7142857142857142,
      1.1293848786315641,
      1.0369450814969983,
      0.40765526808001384,
      1.8571428571428572,
      1.2619047619047619
    ],
    [
      1.6432452957610486,
      1.5357142857142858,
      1.6825396825396826,
      0.9435603438302076,
      1.0369450814969983,
      2.0657102266158516,
      2.0238095238095237,
      1.0077271242396342
    ],
    [
      1.5357142857142858,
      1.9603174603174602,
      1.6825396825396826,
      0.8222046023729527,
      1.0369450814969983,
      2.007936507936508,
      1.9682539682539681,
      0.680448531544916
    ],
    [
      1.5357142857142858,
      1.9444444444444444,
      1.6825396825396826,
      0.9516366138910163,
      1.0369450814969983,
      0.5530936550612213,
      0.9218551328727216,
      0.680448531544916
    ],
    [
      1.6432452957610486,
      1.9603174603174602,
      1.6825396825396826,
      0.686978002202548,
      1.0369450814969983,
      2.0238095238095237,
      1.9841269841269842,
      0.680448531544916
    ],
    [
      1.5714285714285714,
      1.5357142857142858,
      1.6904761904761905,
      0.47915742374995496,
      1.0369450814969983,
      1.9841269841269842,
      2.0238095238095237,
      1.6467478918650793
    ],
    [
      6.0781475427156595,
      6.216440513112084,
      1.4682539682539681,
      0.3968253968253968,
      1.0369450814969983,
      0.7063492063492064,
      0.9619583293561463,
      0.680448531544916
    ]
  ],
  "pieces": [
    {
      "slot_index": 0,
      "cells": [
        [
          0,
          0
        ],
        [
          1,
          0
        ],
        [
          2,
          0
        ],
        [
          3,
          0
        ],
        [
          4,
          0
        ]
      ],
      "size": 5,
      "width": 5,
      "height": 1
    }
  ],
  "moves": []
}
