{
  "source": "auto-window: image / analyze-image",
  "board": [
    [
      false,
      false,
      false,
      false,
      false,
      false,
      false,
      false
    ],
    [
      false,
      false,
      false,
      false,
      false,
      false,
      false,
      false
    ],
    [
      false,
      false,
      false,
      false,
      false,
      false,
      false,
      false
    ],
    [
      false,
      true,
      true,
      true,
      false,
      false,
      false,
      false
    ],
    [
      false,
      true,
      true,
      true,
      false,
      false,
      false,
      false
    ],
    [
      false,
      false,
      true,
      false,
      false,
      false,
      false,
      false
    ],
    [
      false,
      false,
      false,
      false,
      false,
      false,
      false,
      false
    ],
    [
      false,
      false,
      false,
      false,
      false,
      false,
      false,
      false
    ]
  ],
  "board_text": "    1 2 3 4 5 6 7 8\nR1  . . . . . . . .\nR2  . . . . . . . .\nR3  . . . . . . . .\nR4  . # # # . . . .\nR5  . # # # . . . .\nR6  . . # . . . . .\nR7  . . . . . . . .\nR8  . . . . . . . .",
  "thresholds": {
    "empty_cell_threshold": 28.0,
    "bright_threshold": 126.0,
    "std_threshold": 35.39810848236084
  },
  "occupied_scores": [
    [
      0.7222222222222222,
      0.7222222222222222,
      0.7222222222222222,
      0.7222222222222222,
      0.7222222222222222,
      0.7222222222222222,
      0.7222222222222222,
      0.7301587301587301
    ],
    [
      0.7222222222222222,
      0.7222222222222222,
      0.7222222222222222,
      0.7222222222222222,
      0.7222222222222222,
      0.7222222222222222,
      0.7222222222222222,
      0.7222222222222222
    ],
    [
      0.7222222222222222,
      0.7222222222222222,
      0.7222222222222222,
      0.7222222222222222,
      0.7222222222222222,
      0.7222222222222222,
      0.7222222222222222,
      0.7222222222222222
    ],
    [
      0.7222222222222222,
      2.2562978752905867,
      5.079658814671453,
      1.9682539682539681,
      0.7142857142857143,
      0.7222222222222222,
      0.7222222222222222,
      0.7222222222222222
    ],
    [
      0.7222222222222222,
      1.8968253968253967,
      7.503485584604488,
      1.9603174603174602,
      0.7222222222222222,
      0.7222222222222222,
      0.7222222222222222,
      0.7222222222222222
    ],
    [
      0.7222222222222222,
      0.7222222222222222,
      1.7777777777777777,
      0.7222222222222222,
      0.7301587301587301,
      0.7222222222222222,
      0.7222222222222222,
      0.7380952380952381
    ],
    [
      0.7301587301587301,
      0.7222222222222222,
      0.7222222222222222,
      0.7222222222222222,
      0.7222222222222222,
      0.7222222222222222,
      0.7222222222222222,
      0.7301587301587301
    ],
    [
      0.7142857142857143,
      0.7222222222222222,
      0.7222222222222222,
      0.7222222222222222,
      0.7222222222222222,
      0.7222222222222222,
      0.7222222222222222,
      0.7222222222222222
    ]
  ],
  "pieces": [
    {
      "slot_index": 0,
      "cells": [
        [
          0,
          0
        ],
        [
          1,
          0
        ],
        [
          2,
          0
        ],
        [
          3,
          0
        ]
      ],
      "size": 4,
      "width": 4,
      "height": 1
    },
    {
      "slot_index": 1,
      "cells": [
        [
          0,
          0
        ],
        [
          0,
          1
        ],
        [
          1,
          0
        ],
        [
          1,
          1
        ],
        [
          2,
          0
        ],
        [
          2,
          1
        ],
        [
          3,
          0
        ],
        [
          3,
          1
        ]
      ],
      "size": 8,
      "width": 4,
      "height": 2
    },
    {
      "slot_index": 2,
      "cells": [
        [
          0,
          0
        ],
        [
          0,
          1
        ],
        [
          0,
          2
        ],
        [
          1,
          0
        ],
        [
          1,
          1
        ],
        [
          1,
          2
        ],
        [
          2,
          0
        ],
        [
          3,
          0
        ]
      ],
      "size": 8,
      "width": 4,
      "height": 3
    }
  ],
  "moves": [
    {
      "slot_index": 1,
      "anchor_row": 6,
      "anchor_col": 0,
      "cleared_lines": 0,
      "cells": [
        [
          6,
          0
        ],
        [
          6,
          1
        ],
        [
          6,
          2
        ],
        [
          6,
          3
        ],
        [
          7,
          0
        ],
        [
          7,
          1
        ],
        [
          7,
          2
        ],
        [
          7,
          3
        ]
      ]
    },
    {
      "slot_index": 2,
      "anchor_row": 0,
      "anchor_col": 2,
      "cleared_lines": 1,
      "cells": [
        [
          0,
          2
        ],
        [
          0,
          3
        ],
        [
          0,
          4
        ],
        [
          0,
          5
        ],
        [
          1,
          2
        ],
        [
          1,
          3
        ],
        [
          2,
          2
        ],
        [
          2,
          3
        ]
      ]
    },
    {
      "slot_index": 0,
      "anchor_row": 5,
      "anchor_col": 0,
      "cleared_lines": 1,
      "cells": [
        [
          5,
          0
        ],
        [
          5,
          1
        ],
        [
          5,
          2
        ],
        [
          5,
          3
        ]
      ]
    }
  ]
}
