{
  "source": "auto-window: image / analyze-image",
  "board": [
    [
      false,
      false,
      false,
      false,
      false,
      false,
      false,
      false
    ],
    [
      false,
      false,
      false,
      false,
      false,
      false,
      false,
      false
    ],
    [
      false,
      false,
      false,
      false,
      false,
      false,
      false,
      false
    ],
    [
      false,
      false,
      false,
      false,
      false,
      false,
      false,
      false
    ],
    [
      false,
      false,
      false,
      false,
      true,
      false,
      false,
      false
    ],
    [
      false,
      false,
      false,
      false,
      true,
      true,
      false,
      false
    ],
    [
      false,
      false,
      false,
      false,
      true,
      true,
      false,
      false
    ],
    [
      false,
      false,
      false,
      false,
      false,
      false,
      false,
      false
    ]
  ],
  "board_text": "    1 2 3 4 5 6 7 8\nR1  . . . . . . . .\nR2  . . . . . . . .\nR3  . . . . . . . .\nR4  . . . . . . . .\nR5  . . . . # . . .\nR6  . . . . # # . .\nR7  . . . . # # . .\nR8  . . . . . . . .",
  "thresholds": {
    "empty_cell_threshold": 28.0,
    "bright_threshold": 126.0,
    "std_threshold": 35.39885330200195
  },
  "occupied_scores": [
    [
      0.7222222222222222,
      0.7222222222222222,
      0.7222222222222222,
      0.7222222222222222,
      0.7222222222222222,
      0.7222222222222222,
      0.7222222222222222,
      0.7301587301587301
    ],
    [
      0.7301587301587301,
      0.7222222222222222,
      0.7222222222222222,
      0.7301587301587301,
      0.7222222222222222,
      0.7222222222222222,
      0.7222222222222222,
      0.7301587301587301
    ],
    [
      0.7222222222222222,
      0.7301587301587301,
      0.7301587301587301,
      0.7222222222222222,
      0.7301587301587301,
      0.7222222222222222,
      0.7222222222222222,
      0.7301587301587301
    ],
    [
      0.7301587301587301,
      0.7222222222222222,
      0.7222222222222222,
      0.7301587301587301,
      0.7222222222222222,
      0.7301587301587301,
      0.7222222222222222,
      0.7222222222222222
    ],
    [
      0.7222222222222222,
      0.7222222222222222,
      0.7222222222222222,
      0.7222222222222222,
      9.256065303246256,
      0.7222222222222222,
      0.7222222222222222,
      0.7222222222222222
    ],
    [
      0.7222222222222222,
      0.7301587301587301,
      0.7222222222222222,
      0.7222222222222222,
      7.285823703660165,
      1.9682539682539681,
      0.7222222222222222,
      0.7301587301587301
    ],
    [
      0.7222222222222222,
      0.7222222222222222,
      0.7222222222222222,
      0.7222222222222222,
      5.144468993442355,
      1.9523809523809523,
      0.7222222222222222,
      0.7222222222222222
    ],
    [
      0.7142857142857143,
      0.7222222222222222,
      0.7222222222222222,
      0.7222222222222222,
      0.7301587301587301,
      0.7222222222222222,
      0.7222222222222222,
      0.7301587301587301
    ]
  ],
  "pieces": [],
  "moves": []
}
