{
  "source": "auto-window: image / analyze-image",
  "board": [
    [
      false,
      false,
      false,
      false,
      false,
      false,
      false,
      false,
      false,
      false
    ],
    [
      false,
      false,
      false,
      false,
      false,
      false,
      false,
      false,
      false,
      false
    ],
    [
      false,
      false,
      false,
      false,
      false,
      false,
      false,
      false,
      false,
      false
    ],
    [
      false,
      false,
      false,
      false,
      false,
      false,
      false,
      false,
      false,
      false
    ],
    [
      false,
      false,
      false,
      false,
      false,
      false,
      false,
      false,
      false,
      false
    ],
    [
      false,
      false,
      false,
      false,
      false,
      true,
      false,
      false,
      false,
      false
    ],
    [
      false,
      false,
      false,
      false,
      false,
      true,
      false,
      false,
      false,
      false
    ],
    [
      false,
      false,
      false,
      false,
      false,
      true,
      true,
      false,
      false,
      false
    ],
    [
      false,
      false,
      false,
      false,
      false,
      false,
      false,
      false,
      false,
      false
    ],
    [
      false,
      false,
      false,
      false,
      false,
      false,
      false,
      false,
      false,
      false
    ]
  ],
  "board_text": "    1 2 3 4 5 6 7 8 9 10\nR1  . . . . . . . . . .\nR2  . . . . . . . . . .\nR3  . . . . . . . . . .\nR4  . . . . . . . . . .\nR5  . . . . . . . . . .\nR6  . . . . . # . . . .\nR7  . . . . . # . . . .\nR8  . . . . . # # . . .\nR9  . . . . . . . . . .\nR10  . . . . . . . . . .",
  "thresholds": {
    "empty_cell_threshold": 28.0,
    "bright_threshold": 121.0,
    "std_threshold": 34.41596794128418
  },
  "occupied_scores": [
    [
      0.7603305785123967,
      0.7107438016528925,
      0.7520661157024794,
      0.71900826446281,
      0.7520661157024794,
      0.7107438016528925,
      0.7520661157024794,
      0.7107438016528925,
      0.7603305785123967,
      0.7107438016528925
    ],
    [
      0.7107438016528925,
      0.7520661157024794,
      0.7107438016528925,
      0.7520661157024794,
      0.7107438016528925,
      0.7520661157024794,
      0.7107438016528925,
      0.7520661157024794,
      0.7107438016528925,
      0.7520661157024794
    ],
    [
      0.7520661157024794,
      0.71900826446281,
      0.7520661157024794,
      0.71900826446281,
      0.7520661157024794,
      0.7107438016528925,
      0.7520661157024794,
      0.7107438016528925,
      0.7520661157024794,
      0.71900826446281
    ],
    [
      0.7107438016528925,
      0.7520661157024794,
      0.7107438016528925,
      0.7520661157024794,
      0.7107438016528925,
      0.7520661157024794,
      0.71900826446281,
      0.7520661157024794,
      0.7107438016528925,
      0.7520661157024794
    ],
    [
      0.7520661157024794,
      0.7170248740960744,
      0.7520661157024794,
      0.7107438016528925,
      0.7520661157024794,
      0.71900826446281,
      0.7520661157024794,
      0.7107438016528925,
      0.7520661157024794,
      0.7107438016528925
    ],
    [
      0.7107438016528925,
      0.7520661157024794,
      0.71900826446281,
      0.7520661157024794,
      0.7107438016528925,
      9.418961552883305,
      0.7107438016528925,
      0.7520661157024794,
      0.7107438016528925,
      0.7520661157024794
    ],
    [
      0.7520661157024794,
      0.7107438016528925,
      0.7520661157024794,
      0.71900826446281,
      0.7520661157024794,
      8.071053246646567,
      0.7520661157024794,
      0.7107438016528925,
      0.7520661157024794,
      0.7107438016528925
    ],
    [
      0.7107438016528925,
      0.7520661157024794,
      0.7107438016528925,
      0.7520661157024794,
      0.7107438016528925,
      9.463477054401498,
      9.463477054401498,
      0.7520661157024794,
      0.7107438016528925,
      0.7520661157024794
    ],
    [
      0.7520661157024794,
      0.71900826446281,
      0.7520661157024794,
      0.7107438016528925,
      0.7520661157024794,
      0.71900826446281,
      0.7520661157024794,
      0.7107438016528925,
      0.7520661157024794,
      0.7107438016528925
    ],
    [
      0.7107438016528925,
      0.7520661157024794,
      0.7107438016528925,
      0.7520661157024794,
      0.7107438016528925,
      0.7520661157024794,
      0.7107438016528925,
      0.7520661157024794,
      0.7107438016528925,
      0.7520661157024794
    ]
  ],
  "pieces": [
    {
      "slot_index": 1,
      "cells": [
        [
          0,
          0
        ],
        [
          0,
          1
        ],
        [
          1,
          0
        ],
        [
          1,
          1
        ],
        [
          2,
          1
        ],
        [
          3,
          1
        ]
      ],
      "size": 6,
      "width": 4,
      "height": 2
    },
    {
      "slot_index": 2,
      "cells": [
        [
          0,
          0
        ],
        [
          1,
          0
        ],
        [
          2,
          0
        ],
        [
          3,
          0
        ]
      ],
      "size": 4,
      "width": 4,
      "height": 1
    }
  ],
  "moves": [
    {
      "slot_index": 1,
      "anchor_row": 8,
      "anchor_col": 5,
      "cleared_lines": 0,
      "cells": [
        [
          8,
          5
        ],
        [
          8,
          6
        ],
        [
          9,
          5
        ],
        [
          9,
          6
        ],
        [
          9,
          7
        ],
        [
          9,
          8
        ]
      ]
    },
    {
      "slot_index": 2,
      "anchor_row": 9,
      "anchor_col": 0,
      "cleared_lines": 0,
      "cells": [
        [
          9,
          0
        ],
        [
          9,
          1
        ],
        [
          9,
          2
        ],
        [
          9,
          3
        ]
      ]
    }
  ]
}
