{
  "source": "auto-window: iPhone Mirroring / iPhone Mirroring",
  "board": [
    [
      false,
      false,
      false,
      false,
      false,
      false,
      false,
      false
    ],
    [
      false,
      false,
      false,
      false,
      false,
      false,
      false,
      false
    ],
    [
      false,
      false,
      false,
      false,
      false,
      false,
      false,
      false
    ],
    [
      false,
      false,
      false,
      false,
      false,
      false,
      false,
      false
    ],
    [
      false,
      false,
      false,
      false,
      true,
      false,
      false,
      false
    ],
    [
      false,
      false,
      false,
      false,
      true,
      true,
      false,
      false
    ],
    [
      false,
      false,
      false,
      false,
      true,
      true,
      false,
      false
    ],
    [
      false,
      false,
      false,
      false,
      false,
      false,
      false,
      false
    ]
  ],
  "board_text": "    1 2 3 4 5 6 7 8\nR1  . . . . . . . .\nR2  . . . . . . . .\nR3  . . . . . . . .\nR4  . . . . . . . .\nR5  . . . . # . . .\nR6  . . . . # # . .\nR7  . . . . # # . .\nR8  . . . . . . . .",
  "thresholds": {
    "empty_cell_threshold": 28.0,
    "bright_threshold": 126.0,
    "std_threshold": 35.39836597442627
  },
  "occupied_scores": [
    [
      0.7222222222222222,
      0.7222222222222222,
      0.7222222222222222,
      0.7222222222222222,
      0.7222222222222222,
      0.7222222222222222,
      0.7222222222222222,
      0.7301587301587301
    ],
    [
      0.7301587301587301,
      0.7222222222222222,
      0.7222222222222222,
      0.7301587301587301,
      0.7222222222222222,
      0.7222222222222222,
      0.7222222222222222,
      0.7301587301587301
    ],
    [
      0.7222222222222222,
      0.7301587301587301,
      0.7301587301587301,
      0.7222222222222222,
      0.7222222222222222,
      0.7222222222222222,
      0.7222222222222222,
      0.7301587301587301
    ],
    [
      0.7301587301587301,
      0.7222222222222222,
      0.7222222222222222,
      0.7301587301587301,
      0.7222222222222222,
      0.7301587301587301,
      0.7222222222222222,
      0.7222222222222222
    ],
    [
      0.7222222222222222,
      0.7222222222222222,
      0.7222222222222222,
      0.7222222222222222,
      9.23709800704944,
      0.7222222222222222,
      0.7222222222222222,
      0.7222222222222222
    ],
    [
      0.7222222222222222,
      0.7222222222222222,
      0.7222222222222222,
      0.7222222222222222,
      8.565623033917829,
      1.9682539682539681,
      0.7222222222222222,
      0.7301587301587301
    ],
    [
      0.7301587301587301,
      0.7222222222222222,
      0.7222222222222222,
      0.7222222222222222,
      1.9523809523809523,
      1.9523809523809523,
      0.7222222222222222,
      0.7222222222222222
    ],
    [
      0.7142857142857143,
      0.7222222222222222,
      0.7222222222222222,
      0.7222222222222222,
      0.7301587301587301,
      0.7222222222222222,
      0.7222222222222222,
      0.7301587301587301
    ]
  ],
  "pieces": [
    {
      "slot_index": 0,
      "cells": [
        [
          0,
          0
        ],
        [
          1,
          0
        ],
        [
          2,
          0
        ],
        [
          3,
          0
        ]
      ],
      "size": 4,
      "width": 4,
      "height": 1
    }
  ],
  "moves": [
    {
      "slot_index": 0,
      "anchor_row": 7,
      "anchor_col": 4,
      "cleared_lines": 0,
      "cells": [
        [
          7,
          4
        ],
        [
          7,
          5
        ],
        [
          7,
          6
        ],
        [
          7,
          7
        ]
      ]
    }
  ]
}
