{
  "source": "auto-window: image / analyze-image",
  "board": [
    [
      false,
      false,
      false,
      false,
      false,
      false,
      false,
      false,
      false,
      false
    ],
    [
      false,
      false,
      false,
      false,
      false,
      false,
      false,
      false,
      false,
      false
    ],
    [
      false,
      false,
      false,
      false,
      false,
      false,
      false,
      false,
      false,
      false
    ],
    [
      false,
      false,
      false,
      false,
      false,
      false,
      false,
      false,
      false,
      false
    ],
    [
      false,
      true,
      true,
      true,
      true,
      false,
      false,
      false,
      false,
      false
    ],
    [
      false,
      true,
      true,
      true,
      true,
      false,
      false,
      false,
      false,
      false
    ],
    [
      false,
      false,
      true,
      true,
      false,
      false,
      false,
      false,
      false,
      false
    ],
    [
      false,
      false,
      false,
      false,
      false,
      false,
      false,
      false,
      false,
      false
    ],
    [
      false,
      false,
      false,
      false,
      false,
      false,
      false,
      false,
      false,
      false
    ],
    [
      false,
      false,
      false,
      false,
      false,
      false,
      false,
      false,
      false,
      false
    ]
  ],
  "board_text": "    1 2 3 4 5 6 7 8\nR1  . . . . . . . . . .\nR2  . . . . . . . . . .\nR3  . . . . . . . . . .\nR4  . . . . . . . . . .\nR5  . # # # # . . . . .\nR6  . # # # # . . . . .\nR7  . . # # . . . . . .\nR8  . . . . . . . . . .\nR9  . . . . . . . . . .\nR10  . . . . . . . . . .",
  "thresholds": {
    "empty_cell_threshold": 28.0,
    "bright_threshold": 126.0,
    "std_threshold": 35.505290031433105
  },
  "occupied_scores": [
    [
      0.7222222222222222,
      0.6825396825396826,
      0.7222222222222222,
      0.6825396825396826,
      0.7222222222222222,
      0.6825396825396826,
      0.7222222222222222,
      0.6825396825396826,
      0.7222222222222222,
      0.6825396825396826
    ],
    [
      0.6825396825396826,
      0.7222222222222222,
      0.6904761904761905,
      0.7222222222222222,
      0.6825396825396826,
      0.7222222222222222,
      0.6825396825396826,
      0.7222222222222222,
      0.6825396825396826,
      0.7222222222222222
    ],
    [
      0.7222222222222222,
      0.6904761904761905,
      0.7222222222222222,
      0.6904761904761905,
      0.7222222222222222,
      0.6825396825396826,
      0.7222222222222222,
      0.6904761904761905,
      0.7222222222222222,
      0.6825396825396826
    ],
    [
      0.6825396825396826,
      0.7222222222222222,
      0.6825396825396826,
      0.7222222222222222,
      0.6825396825396826,
      0.7222222222222222,
      0.6825396825396826,
      0.7222222222222222,
      0.6904761904761905,
      0.7222222222222222
    ],
    [
      0.7222222222222222,
      1.9523809523809523,
      4.285863092654686,
      6.472272098919279,
      1.9682539682539681,
      0.6825396825396826,
      0.7222222222222222,
      0.6825396825396826,
      0.7222222222222222,
      0.6825396825396826
    ],
    [
      0.6825396825396826,
      1.8650793650793651,
      4.822618900682956,
      5.122230461230652,
      1.9603174603174602,
      0.7222222222222222,
      0.6825396825396826,
      0.7222222222222222,
      0.6825396825396826,
      0.7222222222222222
    ],
    [
      0.7222222222222222,
      0.6825396825396826,
      1.9603174603174602,
      1.9603174603174602,
      0.7222222222222222,
      0.6825396825396826,
      0.7222222222222222,
      0.6825396825396826,
      0.7222222222222222,
      0.6825396825396826
    ],
    [
      0.6825396825396826,
      0.7222222222222222,
      0.6825396825396826,
      0.7222222222222222,
      0.6825396825396826,
      0.7222222222222222,
      0.6825396825396826,
      0.7222222222222222,
      0.6825396825396826,
      0.7222222222222222
    ],
    [
      0.7222222222222222,
      0.6825396825396826,
      0.7222222222222222,
      0.6827780102926587,
      0.7222222222222222,
      0.6904761904761905,
      0.7222222222222222,
      0.6825396825396826,
      0.7222222222222222,
      0.6904761904761905
    ],
    [
      0.6825396825396826,
      0.7222222222222222,
      0.6825396825396826,
      0.7222222222222222,
      0.6825396825396826,
      0.7222222222222222,
      0.6825396825396826,
      0.7222222222222222,
      0.6825396825396826,
      0.7222222222222222
    ]
  ],
  "pieces": [],
  "moves": []
}
