{
  "source": "saved calibration region",
  "board": [
    [
      true,
      true,
      true,
      true,
      true,
      true,
      false,
      false
    ],
    [
      true,
      true,
      true,
      true,
      false,
      true,
      true,
      false
    ],
    [
      true,
      true,
      true,
      false,
      true,
      true,
      true,
      true
    ],
    [
      true,
      true,
      false,
      false,
      true,
      true,
      false,
      false
    ],
    [
      true,
      true,
      false,
      false,
      false,
      false,
      false,
      false
    ],
    [
      true,
      true,
      false,
      false,
      true,
      true,
      true,
      false
    ],
    [
      true,
      true,
      false,
      false,
      false,
      true,
      true,
      true
    ],
    [
      true,
      true,
      false,
      false,
      false,
      true,
      true,
      true
    ]
  ],
  "board_text": "    1 2 3 4 5 6 7 8\nR1  # # # # # # . .\nR2  # # # # . # # .\nR3  # # # . # # # #\nR4  # # . . # # . .\nR5  # # . . . . . .\nR6  # # . . # # # .\nR7  # # . . . # # #\nR8  # # . . . # # #",
  "thresholds": {
    "empty_cell_threshold": 28.0,
    "bright_threshold": 149.25,
    "std_threshold": 35.85962772369385
  },
  "occupied_scores": [
    [
      1.5718343631903848,
      1.6075396335609857,
      1.7085427135678393,
      1.7085427135678393,
      1.0345659998811219,
      1.010129450797833,
      0.9903874731330033,
      0.9903874731330033
    ],
    [
      1.5718343631903848,
      1.6432452957610486,
      1.085427135678392,
      1.1594773629105661,
      0.9903874731330033,
      1.5812395309882747,
      1.3895519262981575,
      0.7638190954773869
    ],
    [
      1.67895132479188,
      1.5718343631903848,
      1.1215452261306533,
      0.9244413646817703,
      1.3005784128978224,
      2.109688205630912,
      1.8174119175156234,
      1.4881831030150754
    ],
    [
      1.6075396335609857,
      1.6247906197654942,
      0.722276729148453,
      0.852666884736666,
      1.026725683745176,
      1.695142378559464,
      0.6753738443460235,
      0.6318502147483619
    ],
    [
      1.5718343631903848,
      1.679331135072678,
      0.830820770519263,
      0.9806807298389987,
      0.9903874731330033,
      0.9655675584606962,
      0.8277909857161454,
      0.6318502147483619
    ],
    [
      1.5718343631903848,
      1.6482412060301508,
      0.5293132328308208,
      0.7178482586514922,
      1.1129737227805696,
      1.695142378559464,
      1.065326633165829,
      0.6318502147483619
    ],
    [
      1.679331135072678,
      1.5946398659966499,
      0.5628140703517588,
      0.4857668038834087,
      0.9903874731330033,
      1.6750418760469012,
      1.7085427135678393,
      1.5678391959798994
    ],
    [
      3.086755776618843,
      3.157029732944224,
      0.5025125628140703,
      0.4040610178208843,
      0.9903874731330033,
      1.2964824120603016,
      1.7085427135678393,
      1.7085427135678393
    ]
  ],
  "pieces": [
    {
      "slot_index": 0,
      "cells": [
        [
          0,
          0
        ]
      ],
      "size": 1,
      "width": 1,
      "height": 1
    }
  ],
  "moves": [
    {
      "slot_index": 0,
      "anchor_row": 2,
      "anchor_col": 3,
      "cleared_lines": 3,
      "cells": [
        [
          2,
          3
        ]
      ]
    }
  ]
}
